أنا	أحب,أريد,أستطيع,أكتب
أريد	أن,المساعدة,الكتابة,قهوة
أحب	الحياة,هذا,العمل,البرمجة
أستطيع	أن,المساعدة,الكتابة
كيف	حالك,الحال,أنت
السلام	عليكم
مرحبا	بك,بكم,وسهلا
شكرا	لك,جزيلا,لكم,كثيرا
صباح	الخير
مساء	الخير
في	البيت,العمل,الحياة,العالم
على	البيت,العمل,الكل
من	البيت,العمل,الجميع
إلى	البيت,العمل,الجامعة
هذا	رائع,جميل,عظيم
هذه	رائعة,جميلة,ممتازة
المشروع	رائع,جديد
الفريق	العالمي,الأفضل,الرائع,جاهز,يعمل,ينتظر
الكيبورد	الذكي,الجديد,الأسطوري
الذكاء	الاصطناعي
يمكنك	أن,الكتابة,المساعدة
يجب	أن,العمل,القراءة
اليوم	جميل,رائع
غدا	سنبدأ
الآن	أكتب,أعمل
الحياة	جميلة,رائعة
العالم	الرقمي,الجديد,كله
لوحة	المفاتيح,التحكم
تقنية	جديدة,متقدمة,رائعة
عمل	رائع,جديد,ممتاز
نعم	أكيد,طبعا,حسنا
لا	أبدا,شكرا
تمام	شكرا
رائع	جدا
جميل	جدا
عظيم	جدا
ممتاز	جدا
ذكي	جدا,قوي
خلاص	انتهينا,شكرا
انتهينا	من,اليوم
جاهز	للانطلاق,الآن
فكرة	رائعة,جميلة,عظيمة,جديدة
مشكلة	صعبة,بسيطة,في
سؤال	سريع,مهم,واحد
نجاح	مؤكد,كبير,الجميع
عندنا	فكرة,اجتماع,موعد
الفكرة	جميلة,رائعة,عظيمة
النجاح	قريب,مضمون
الرسالة	وصلت,جميلة,واضحة
وصلت	الرسالة,اليوم
أرسل	الرسالة,لي
انتظر	قليلا,مني
تعال	هنا,معنا
معنا	في,اليوم
انظر	لهذا,إلى
لهذا	السبب,نحن
يبدو	رائعا,جميلا
صار	يوم,الآن
يومك	جميل,سعيد
اسعد	الله,يومك
الله	يسعدك,معك
يعني	هذا,أن
بالضبط	هكذا,صح
صحيح	جدا,كلامك
