hello	there,world,team
hi	there,team
hey	there
thank	you
thanks	a,for,team
how	are,is,about
are	you,we
you	are,can,will,know
i	am,love,want,think
we	are,can,will
it	is,was
the	best,world,team,future
this	is,was,keyboard
best	team,keyboard,ever
world	class,wide
our	team,project
team	is,wins
keyboard	is,rocks
smart	keyboard,team
new	project,keyboard,design
love	it,this,you
want	to,this
need	to,this
can	be,do,make
will	be,make
lets	go,build
let	me,us
go	now,team
great	job,work,team
nice	work,job
awesome	work,team
tomorrow	we,is
today	is,we
now	is,we
bye	bye,now
see	you,it
congrats	team,on
happy	to,for,birthday
ready	to,for,now
done	with,now,great
help	you,me,us
wait	for,a,me
stop	it,now
start	the,now,a
try	it,this,again
check	this,it,out
idea	is,sounds
sounds	good,great,perfect
hope	you,we,so
wish	you,me
plan	for,is,to
goal	is,for
future	is,of
success	is,to
us	go,build,win
win	this,together
together	we,as
yeah	let,that
wow	this,amazing
lol	haha
looks	great,good,amazing
amazing	work,team,job
people	are,love,can
everyone	is,loves
all	the,of,good
good	morning,job,night,luck,idea
